[1,["ecpdLyjvZBwrvm+cedCcQy","f0BIwQ8D5Ml7nTNQbh1YlS","71VhFCTINJM6/Ky3oX9nBT","e97GVMl6JHh5Ml5qEDdSGa","29FYIk+N1GYaeWH/q1NxQO","55uYcDaN5DPauQsK9c1V3f","b4P/PCArtIdIH38t6mlw8Y","e8Ueib+qJEhL6mXAHdnwbi"],["node","_textureSetter","_parent","_spriteFrame","scene","_N$normalSprite","_N$pressedSprite","_N$hoverSprite","_N$disabledSprite"],[["cc.Node",["_name","_objFlags","_id","_components","_contentSize","_children","_parent","_color","_trs"],0,9,5,2,1,5,7],"cc.SpriteFrame",["cc.Widget",["_alignFlags","alignMode","_originalWidth","_originalHeight","node"],-1,1],["cc.SceneAsset",["_name","asyncLoadAssets"],1],["cc.Canvas",["node","_designResolution"],3,1,5],["39052dsIWlEm51pJ/jntTj8",["node"],3,1],["cc.Sprite",["_type","_sizeMode","node","_materials","_spriteFrame"],1,1,3,6],["cc.Button",["_N$transition","node","_N$normalColor","_N$pressedColor","_N$disabledColor","_N$target","_N$normalSprite","_N$pressedSprite","_N$hoverSprite","_N$disabledSprite"],2,1,5,5,5,1,6,6,6,6],["cc.Scene",["_name","_children","_anchorPoint","_trs"],2,2,5,7],["cc.Camera",["_clearFlags","_depth","node"],1,1],["cc.Label",["_string","_fontSize","_enableWrapText","_N$horizontalAlign","_N$verticalAlign","_N$overflow","_N$cacheMode","node","_materials"],-4,1,3]],[[2,1,0,2,3,4,5],[6,0,1,2,3,4,3],[3,0,1,3],[0,0,2,5,3,7,4,8,3],[0,0,1,5,3,4,3],[0,0,6,5,3,4,2],[0,0,6,5,3,4,8,2],[0,0,6,3,2],[0,0,1,6,3,7,4,3],[4,0,1,1],[2,0,4,2],[5,0,1],[7,0,1,2,3,4,5,6,7,8,9,2],[8,0,1,2,3,2],[9,0,1,2,3],[10,0,1,2,3,4,5,6,7,8,8]],[[[{"name":"default_btn_disabled","rect":[0,0,40,40],"offset":[0,0],"originalSize":[40,40],"capInsets":[12,12,12,12]}],[1],0,[0],[1],[2]],[[[2,"login",null],[3,"Canvas","a286bbGknJLZpRpxROV6M94",[-4,-5],[[9,-1,[5,720,1280]],[10,45,-2],[11,-3]],[4,4294769916],[5,720,1280],[360,640,0,0,0,0,1,1,1,1]],[4,"Background",512,[-8],[[1,1,0,-6,[1],2],[0,0,45,100,40,-7]],[5,100,40]],[5,"background",1,[-11],[[0,0,45,200,150,-9],[1,1,0,-10,[7],8]],[5,720,1280]],[6,"button",3,[2],[[12,2,-12,[4,4293322470],[4,4291348680],[4,3363338360],2,3,4,5,6]],[5,100,40],[9,-301,0,0,0,0,1,1,1,1]],[13,"New Node",[1],[0,0,0],[0,0,0,0,0,0,1,1,1,1]],[7,"Main Camera",1,[[14,7,-1,-13]]],[8,"Label",512,2,[[15,"button",20,false,1,1,1,1,-14,[0]]],[4,4278190080],[5,100,40]]],0,[0,0,1,0,0,1,0,0,1,0,-1,6,0,-2,3,0,0,2,0,0,2,0,-1,7,0,0,3,0,0,3,0,-1,4,0,0,4,0,0,6,0,0,7,0,4,5,1,2,5,2,2,4,14],[0,0,0,0,0,0,0,0,0],[-1,-1,3,5,6,7,8,-1,3],[0,0,1,1,3,1,4,0,5]],[[{"name":"default_btn_pressed","rect":[0,0,40,40],"offset":[0,0],"originalSize":[40,40],"capInsets":[12,12,12,12]}],[1],0,[0],[1],[6]],[[{"name":"default_btn_normal","rect":[0,0,40,40],"offset":[0,0],"originalSize":[40,40],"capInsets":[12,12,12,12]}],[1],0,[0],[1],[7]]]]