{"paths":{},"types":[],"uuids":["2dL3kvpAxJu6GJ7RdqJG5J","71VhFCTINJM6/Ky3oX9nBT","9c1uJmkL1GGbbdf4qnsCdL","b4P/PCArtIdIH38t6mlw8Y","e8Ueib+qJEhL6mXAHdnwbi","29FYIk+N1GYaeWH/q1NxQO","41H4LwmilFP71z8icdiczA","55uYcDaN5DPauQsK9c1V3f","82WBsOEX1MD6jP4joU2OOt","a0mQumXOZCl5JDgwGHnm4w","a1U5RdJRFMFL57BdJC9H1X","b8U7OMTAZPgJYpOUt8lgXt","bcp0MrdV1EvI/2q0lYaiW5","e97GVMl6JHh5Ml5qEDdSGa","ecpdLyjvZBwrvm+cedCcQy","f0BIwQ8D5Ml7nTNQbh1YlS"],"scenes":{"db://assets/Scene/login.fire":2,"db://assets/Scene/stage.fire":0},"redirect":[6,0,7,0,8,0,9,0,10,1,11,0,12,0,14,1],"deps":["resources","internal"],"packs":{"09b7df110":[1,3,4],"0e87eeda0":[5,2,13,15]},"name":"main","importBase":"import","nativeBase":"native","debug":false,"isZip":false,"encrypted":false,"versions":{"import":["09b7df110","c36e8","0e87eeda0","a9c4b",0,"16c48"],"native":[1,"c06a9",3,"83fcc",4,"90cf4"]}}