{"paths":{"0":["ui/01_1",3],"1":["ui/background",3],"2":["ui/01",3],"3":["font/SIMHEI",0],"4":["ui/cd",3],"5":["ui/stage",3],"6":["json/stage",1],"7":["json/common",1],"8":["ui/01",2,1],"9":["ui/background",2,1],"10":["ui/stage",2,1],"11":["ui/cd",2,1],"12":["ui/01_1",2,1]},"types":["cc.TTFFont","cc.JsonAsset","cc.SpriteFrame","cc.Texture2D"],"uuids":["3fE+qMI09Jnr+s+Pnp+Ojj","8bRq+us9RKpqCh0U3hMkt1","972Y2MLH5DmKhqRIIcG/es","b8U7OMTAZPgJYpOUt8lgXt","earVM+879IAbAeRXetcT1R","f4j2QW3chJYbeBMHKvGGB1","0bQZPlpzREjL1s7S9hROH7","30jbCChNFFqLP5KUWZKISk","41H4LwmilFP71z8icdiczA","55uYcDaN5DPauQsK9c1V3f","82WBsOEX1MD6jP4joU2OOt","a0mQumXOZCl5JDgwGHnm4w","bcp0MrdV1EvI/2q0lYaiW5"],"scenes":{},"redirect":[],"deps":[],"packs":{"0914801ae":[0,1,2,4,5]},"name":"resources","importBase":"import","nativeBase":"native","debug":false,"isZip":false,"encrypted":false,"versions":{"import":["0914801ae","9b5a3",6,"a164c",7,"0ae09",8,"b1ae4",9,"7ef10",10,"34186",11,"c12f5",3,"132bc",12,"04dfc"],"native":[0,"23e2f",1,"9268c",2,"132d7",3,"ab564",4,"0e4a3",5,"a4432"]}}